|MANFREDTHESLOTH|HARRY
|MANSON|MARILYN
|SMITH|WILLY
|BROWN|SMITH
|CHAN|LESLIE
|THATCHER|MARGARET
|FRASER|KENT
|JOHN|ANGIE
|MOONWALKER2|SKIP
|VIRGO|VIMMY
|BLACK|SAM
|SERTGR|WERTW
|VANCOUVER|JIMMY
|CLINTON|AGFASDF
|FARIA|MARTINO
|VANGOGH|PAINTER
|MCCOY|NESBITT
|MCCOY|OPIE
|MCCOY|UNCLE JED
|GILLIES|KRISTIE
|CLINTON|THOMAS
|CLINTON|SDFSDFS
|SURNAME|SDFDSF
|LINDEN|TREVOR
|BLAKE|BOB
|ROBERTS|ERIC
|PEREZ|ALLEN
|EAST|HELEN
|HOGAN|HULK
|RESPONDENT|FIRST
|COOPER|LAURA
|TEST|O'NEAL
|PARTY|400
|JOHNSON|BILL
|CAVEAT|FIRST
|LAWSON|LISA
|SUPERMAN|MAN OF STEEL
|MOTOR|FIRST
|FAMILY|FIRST-JMG021
|FAMILY|FIRST-JMG022
|FAMILY|FIRST - JMG023
|LUNDELL|LISA
|LAM|LAM
|ASDF|ASDFASDF
|AWSON|ISAL
|ASDFSSSS|SSSSSSS
|QWERQWER|QWERQWER
|JJJJJ|JJ
|AAAAA|ASDF
|SSSS|SSS
|WEBBER|CHRIS
|LEGAL|TEST
|SINCLAIR|IAN
|SMITH|ROBERT
|SDFGSDFG|SDFGFD
|STREEP|MERYL
|KING|NANCY
|LAKE|RANDY
|STEWARD|HELEN
|JOHNSON|MARY
|CAVEAT|FIRST - JMG039
|LTEST2|LTEST2
|GENERAL|SIX
|DIVORCE|FIRST - JMG037
|CAVEAT|FIRST - JMG045
|ADOPTION|FIRST - JMG050
|ADOPTION|PARTY2 - JMG014
|DIVORCE|FIRST - JMG1093
|WILSON|LAURA
|WILSON|FRED
|GENERAL|FIVE
|CAVEAT|FIRST-NEW
|ADOPTION|SUPREME
|TST|TEST2
O'CONNOR BUSINESS SOLUTIONS||
|TEST2|DEFENDANT NAME
|DIVORCE|CHANGEREQUEST59
|GENERAL|CHANGEREQUEST59
|GENERAL|CHANGEREQUEST72
|INDIVIDUAL|MY
|TEST1002|TEST
|FAMILY-NEW|FIRST
|FAMILY-LAW|ORDERS4
|MOTOR|115
|FAMILY|PROVINCIAL
|GENERAL|455
|WQE|SDFAA
|MORGAN|STELLA
|TESTHTL2|TESTHTL2
|BANKRUPTCY|SANDRA
|LEMMON|LENA
|MACK|MIKE
|TEST10110|TEST10110
|TEST10112|TEST10112
18TEST||
|KIDD|KAREN
|RICHMOND|ROBERT
|BEEP|BO
|TRACKER|PETER
|JOHNSON|KYLE
|JONES|TIM
ANGUS WILDE PUBLICATIONS INC||
|CHIN|SARAH
|WILSON|DIANA
|RITCHIE|ROBERT
|FYNCH|FRED
|LAWSON|LJKLKJ
|PETE|JOAN
|DARWIN|DICK
|GREEN|JESSE
|COOPER|TOM
|THOMPSON|TIM
|WANG|WILMA
|III|III1
|KKK|KKK1
|PRETZ|PEARL
|MATSON|MARK
|BAGBY AND SONS LWYRS|WHATEVER
|SIMMONS|MARTHA
|ANOTHER|TEST
|MANSON|CHARLES
|HOULE|JASON
|KOLI|LLOYD
|MORGAN|MARTY
|NORRIS|PAUL
|GREWAL|NARINDER
|HANSON|FLOYD
FASTRACK HOLDINGS INC.||
|SOLDERSON|SAM
|LORINGTON|KARL
|LEE|FRANCES
|KIM|SIEKEUK
|MANGANO|JEOY
|FAMILY|HORRIBLE
|MEDIATION|MARY
|TEST|MARY-JANE
|LAWSON|CHARLES
|BLAIR|ANTHONY
|KWOK|CHE
|KAM|YUET
|PATERSON|ANTHONY
|ENGELBERT|MICHAEL
|PREMJI|ALNASHIR
|MATSUI|JONI
|ASHBEE|RANDI
|WONG|DONNA
|HSU|GORDON
|LO|KIN
|HO|WENDY
|THONG|PENG
|CHIN|DONNA
|SANGHA|BALBINDER
|LONSDALE|RICHARD
|BOSLEY|LAURENCE
JANE DOE NOS 1 TO 10||
|RAHMAN|MAHMUDUR
|LIM|DEON
|LEE|DAISY
|ARSENIO|BUENAVENTURA
|BUENAVENTURA|WENCESLAWA
|WOODWARD|JUDY
|VIRK|DALJIT
|HENKO|HANK
|JAMISON|JOE
|NIXON|RODGER
|MANNING|BERNARD
|NELSON|RODNEY
|MADDISON|AUDREY
|MILES|GRANT
|JONES|SALLY
|GERMAINE|MARY
|GILMORE|HARRIETT
THIS IS GOING TO BE A VERY LONG ORG NAME SO I CAN TEST THE TSS REPORT THAT IS DISPLAYING 2 PAGES FOR THE REPORT WHEN IT SHOULD ONLY BE SHOWING ONE PAG||
|BENDER|WILLIAM
|MARTIN|KEITH
|MADELEY|TIMOTHY
|ROGERS|TINA
|CONNOLY|FRASER
|HARTLEY|HARRY
|KIRKLAND|JACK
|RESPONDENT|THE
|DALLY|DILLY
|HARTLEY|LEROY
|MAN|MIKE
|BARNIFER|MARTIN
|DUMMY|DON
|CARSON|CHARLENE
|CRASH|MARY
|TESTCASE|HARVEY
|AUTHORITY|JACK
DONALD'S MARKET'S LTD. AND TOY TRAINS THAT SPIN ON RACE TRACKS WITH FLOATING DINOSARS AND ROTATING PLANETS AND MOONS INC.EE, EE, EE, EE||
BANTERS QUICK FIT LTD||
ORGANIZATION'TEST||
|TEST|JACKSON
|SALT|SALLY
|SALT|HAMISH
|KNIGHT|HELEN
|JONES|MARY
|ALREP|WHATEVER
|HATLEY|PAUL
|RANCHHAND|JENNIFER
|SQUONKY|HELLUVA
|DODECAHEDRON|GREEK
|MACINTYRE|FERN
|CREDITOR|JACKSON
|ANOTHER|PARTY
|PRICE|STELLA
|CLAIMANT|SALLY
|LITIGATOR|GRAHAM
|DAD-ONE|HARVEY
|DOE|JANE
|GJHGK|ASFDADS
|DEFENDANT|JIMMY
|BROFTON|OLAP
|DEFENDANT|JACKSON
|TESTCASE|JACK
THOMPSONS GYM||
|JACKLYN|TONY
|HENSHAW|MADELINE
DAVE'S DELIVERIES||
|CHILDONFILE|FREDDY
|DRIVER|UNLUCKY
|HURT|VERY
|A|A
|ELLIOTT|JOHN
|WWW|WWW
|CAGE|LUKE
|GABERS|EXCELLENT
|BYSTANDER|INNOCENT
|FLY|SUPER
|SMITH|JANE
|DINGLE|MARY
|MAXWELL|ROBERT JR.
|MAXWELL|JENNIFER
|DEFENDANT|DALE
|CLAIMANT|CAL
|EXECUTOR|EDDY
ENTWISTLE DEVELOPMENTS COLDMOUNTAIN LTD||
|TEST|THREE
|LAMP|LIGHT
|DIBBLE|CHARLES
|DUCK|DAPHNE
|CLAIM23|FIRSTNAME23
|CLAIM30|FIRSTNAME30
|CLAIM34|FIRSTNAME34
|CLAIM37|FIRSTNAME37
|CLAIM40|FIRSTNAME40
|CLAIM43|FIRSTNAME43
|CLAIM44|FIRSTNAME44
|CLAIM49|FIRSTNAME49
|CLAIM63|FIRSTNAME63
|CLAIM71|FIRSTNAME71
|CLAIM73|FIRSTNAME73
|CLAIM79|FIRSTNAME79
|WOOD|SARAH
|CLAIM99|FIRSTNAME99
|CLAIM116|FIRSTNAME116
|CLAIM128|FIRSTNAME128
|CLAIM135|FIRSTNAME135
|CLAIM150|FIRSTNAME150
|CLAIM159|FIRSTNAME159
|CLAIM178|FIRSTNAME178
|CLAIM188|FIRSTNAME188
|CLAIM195|FIRSTNAME195
|CLAIM198|FIRSTNAME198
|CLAIM200|FIRSTNAME200
|CLAIM207|FIRSTNAME207
|CLAIM217|FIRSTNAME217
|CLAIM218|FIRSTNAME218
|REALITY|HARSH
|SHISTER|THE
|JACKSON|BRENDA
|HARRIS|ELIZABETH
|BUNNY|BUGS
|PLAINTIFF|MARGARET
|BLUE|PAMELA
|P1|NAME
|CARTRIDGE|BABY
|DUCK|LOUISE
|SOLO|HARVEY
|WALKER|ARRIANNE
|WOOD|HARVEY
|RANGPUR|LENA
|FATHER1|DONALD
|LAND|N
|FIRST|DEFENDANT
|SECOND|DEFENDANT
|SMITTY|VON
|NOTHING|HIM
|CLOCK|SHARON
|JENSON|KATHLEEN
|HINKYYY|WHAA
|SINCLAIR|HENRY
|TRUMP|DONALD
HENRY BELL TRUSTEE||
BIGHORN RANCH LTD||
|DOE|MARY
|BOLINE|MARTIN
|BLOGGS|JANE
JOES BRIC A BRAC||
|GARDINER|BABY
CANADIAN NORTHERN SHIELD INSURANCE COMPANY LE BOUCLIER DU NORD CANADIEN, COMPAGNIE D'ASSURANCE||
|ROBINSON|MARK
|WATKINS|GERALDINE
|TESTING|JOHN
CONTACT RESOURCE SERVICES INC. EXTRA PROVINCIALLY REGISTERED IN BRITISH COLUMBIA AS CRS RECOVERY SOLUTIONS INC.||
|DEBT|TEST
|TESTY|TOMMY
|SMITH|MIKE
|SSSS|DFDF
|BROWNAGAIN|STUART
|PARKER|PETER
EXCELLENT CORPORATION||
|SKINNER|BRIAN
|UNDERWOOD|RHONDA
|MAC|ABE
|THOMPSON|MARCUS
|SIMMONS|LARRY
|COOPER|BILL
|CLINTON|JOHNNY
|GYRONE|CARSON
|CHAN|JACKIE
|SURNAME OF SUR|SUR
|CLINTON|SDFDF
FUTUREDAY||
|MANFREDTHEMAMMOTH|HOGAN
|MCCOY|FRANCIS
|MCCOY|HAMISH
|MCCOY|VERN
|BORGESKI|IGOR
|CROSS|LISA
|FOSTER|JODIE
|STALLONE|SYLVESTER
GUY BASTARACHE OPERATING A BUSINESS KNOWN AS ?B.P. INSULATION 2003?||
|ASDF|ASDF
|THIRD|NO MATCH
|FOURTH|MATCH
|CLAIMANT-FIRST|MATCH
|FAST TRACK|PARTY
|KINGS|NADINE
|EDISON|NEIL
|SIMPSON|CAROL
|COOPER|JACK
|KELLER|JAMES
|KELLER|JANICE
|REILLY|PATRICK
|TESTAPP|TESTAPP
|TEST6|TEST6
|SUPERBOY|THE BOY OF STEEL
|GENERAL|FIRST
|FORECLOSURE|FIRST-JMG008
|FAMILY|FIRST-JMG012
|FAMILY|FIRST-JMG016
|FAMILY|FIRST-JMG018
|CLINTON|TEST
|CLINTON|4433
|FAMILY|FIRST - JMG024
|ASDFDSAF|ASDFASDF
|ZZZZZZ|ZZ
|QQQQQQ|QQQQ
|LAWSON|LLL
|ASDFADSF|ASDFADSF
|FFFFF|FFFFF
|GRANT|CARY
|KIRILENKO|ANDREI
|BANNER|BRUCE
|AG|AG
|GOODIES|1
|ERNON|JANICE
|HAMILTON|BRAD
|UNDERWOOD|SARA
|SUPREME|DIVORCE
|SMITH|JOHN
|DIVORCE|FIRST - JMG031
|CAVEAT|FIRST - JMG046
|COUNSEL|BILLY
|FAMILY LAW|FIRST - JMG051
|FAMILY LAW|FIRST - JMG052
|HTLTEST|HELLO
|JAMES|JIM
|V|A
|WILSON|MARLENE
|GILLESPIE|J
|GENERAL|SECOND
|GENERAL|ELEVEN
|PROBATE|ONE
|VANDERSCHMIDT|LUGMANN
|BANKRUPTCY|CHANGEREQUEST59
|CAVEAT|CHANGEREQUEST59
|ADOPTION|CHANGEREQUEST72
|CHARLES|CAROL
|SOL|FIRST
|CIVIL|SECOND-SOLICITOR
|CIVIL|SOLICITOR-SECOND
|T|T
|TEST102|TEST102
|TEST105|TEST105
|MOTOR|THIRD
|GENERAL|454
|DEF|FIRST GIVEN NAME
|GENERAL|SUPREME
|DOUMA|DAR
|TESTHTL|TESTHTL
|TEST10104|TEST10104
TEST O1||
|ST|DT
SECOND ORGANIZATION||
|DD|D
|ST|WHATEVER
|MORAN|MIKE
|PARLOR|CLAIRE
|SMYTH|SCALKI
|CHIA|LIPP
|CHEUNG|SUI
|LEE|THOMAS
|ESSERY|CAMERSON
|LAW|L
|ROWE|SAM
|MOORE|LINDA
|O'BRIAN|HOMER
|WILLIAMS|JONES
|O'NEIL|TOM
|EASTER|BOB
|TATERS|JOE
|OLYMPIC|GEORGE
|TEST|USER101
|TANNER|JOSEPH
|PATTISON|MARY
|JDLAW|JD
|MANGANO|MARGARET
|AAA|AAA1
|JJJ|JJJ1
|LEGAL|GARDIAN
|SHELBY|SHARON
|JONES|JOSEPH
|MOLSEN|DAVE
|SMITH|BARRY
|JONES|PATTY
|HARNET|JAMIE
|BAKER|JIM
|SHAW|RUBY
|GREWAL|MOHINDER
|HARRIS|JOE
|JONES|WILLIAM
|SPRING|BLOSSOM
|WILSON|JOE
|MILLER|MIKE
|LYNN|BRENDA
|KIM|JUNGAE
|GRIMSHAW|GEORGE
|SETTLEMENT|NANCY
|KITE|RAQUEL
|HARVEY|REDMOND
|MASTERSON|MATILDA
|KIRKLAND|MARY
|LAWSON|NIGEL
|CARTIER|CARTER
SUKI ENTERPRISES INC||
|HUNDAL|APINDER
HUNDAL INDERJIT SINGH||
|LEE|GRANT
BOWMAN & SONS INVESTMENTS INC||
|HUI|ALPHONSUS
|ASHBEE|DOUGLAS
|PORTER|BARBARA
|TSANG|EUGENE
|SANGHA|SATINDERPAL
|SKOV|ROALD
|GRAND DEVELOPMENT PARTNERSHIP|THE
511953 BC LTD  (FKA)||
|EVANS|JOHN
|LIM|YOUNG
|DHIR|ROBIN
|CLARK|JOANNE
|HESLINGTON|DENISE
|GODFREY|HENRY
|MASTERS|JACK
|JONES|LORNE
|FARAGO|LADISLAS
|CARTER|CARTIER
|MACKINTOSH|JOHN
|LLEWELLYN-LLOYD|GARETH
|CARTIER|CARL
|DUFFEY|DARREL
|DE-WIT|MARY-ANNE
|CLOVER|JANE
|MAXWELL|JACK
|BLACK|ROB
|MILLER|MADELEINE
WALLY'S WHEELS||
ORG FROM H___||
|JAMES|JAIME
SAM'S SUGAR MILL||
|DOM|ROBERTS
|KING|JAMES
|LAWYER|LARRY
|PROTECT|MEMEME
|ANOTHER|MALE
|BLAINE|RICHARD
|WALTON|ANNIE
|CARLSON|CARL
|COWGIRL|PATTY
THE MAN WITH THE SALT SHAKER INC.||
|SULLIVAN|CATHY
|WONKY|WEIRDO
|WILMINGTON|WANDA
|FAIRY|TINKERBELL
|GOOSHOE|YEUCH
|SCOTSMAN|FLYING
|MOTHER-DAD-THREE|MARIA
|DUCK|DORA
|HOLMES|SHIRLEY
|DEFENDANT|JACKIE
|SOLICITOR|HENRY
|RIGHT|PARTY
|JACKS|JACK
|HARGREAVES|MARY
|INTERVENER|MARY
|CLAIMANT|HARRY
AMASSURE||
|YARDLEY|ANNIE
|JANE|LITTLE
|GREEN|MARY
CUSHIONS AND BLANKIES LTD.||
|APPLICANT|JOHN
|INJURED|PARTY
AGGRESIVE CONSULTING||
|TESTCASE|EDWARD
|JOHNSON|GARY
|DEDMAN|HORRACE
|CLAIMING|BILLY
|GOOEY|SLURP
|DIXON|HENRY
|TEST|EDWARD
|ROBERTS|RENA
|TESTY|TESSA
|CLAIM8|FIRSTNAME8
|CLAIM21|FIRSTNAME21
|CLAIM29|FIRSTNAME29
|CLAIM35|FIRSTNAME35
|CLAIM46|FIRSTNAME46
|CLAIM52|FIRSTNAME52
|CLAIM53|FIRSTNAME53
|CLAIM70|FIRSTNAME70
|CLAIM84|FIRSTNAME84
|CLAIM91|FIRSTNAME91
|CLAIM95|FIRSTNAME95
|CLAIM100|FIRSTNAME100
|CLAIM101|FIRSTNAME101
|CLAIM109|FIRSTNAME109
|CLAIM112|FIRSTNAME112
|CLAIM120|FIRSTNAME120
|CLAIM126|FIRSTNAME126
|CLAIM139|FIRSTNAME139
|CLAIM142|FIRSTNAME142
|CLAIM151|FIRSTNAME151
|CLAIM153|FIRSTNAME153
|CLAIM155|FIRSTNAME155
|CLAIM156|FIRSTNAME156
|CLAIM163|FIRSTNAME163
|CLAIM1|FIRSTNAME1
|CLAIM180|FIRSTNAME180
|CLAIM181|FIRSTNAME181
|CLAIM202|FIRSTNAME202
|TESTY|ONE
FOOD EMPORIUM LTD.||
|BETA|BETTY
|CREDITOR|CREDITOR
|WRONGROLE|DEBTOR
BIG CLASS ACTIONABLE COMPANY||
|EDWARDS|EDDIE
|COYOTE|WYLIE
DIRECTOR, MINISTRY OF CHILDREN AND FAMILIES||
|GARRITY|KENNETH
|GREEN|INDIE
|GREEN|WINIFRED
|TEST|ABA
|TESTING|CARL
|SMITH|WAINWRIGHT
|MOUSE|MIKE
|STERLING|ROGER
|LAND|A
KEN'S KNITTING SUPPLIES||
|SMITTY|MIN
|CONN|KEVIN
|DEFENDANT|TEST
|PHELAN|PATRICK
|SPOOBLY|DINGO
|RED|SCARLET
|SMITH|JENNIFER
|JONES|JACK
|CASTLE|ALEXANDRA
|CASTLE|ACHILLES
|CARSON|CARTIER
|DAWSON|DEBTY
|CLAIMANT|CLAY
|ROBBINS|MARTIN
|SMITH|CAROL
|CLOCK|REQUIRED
|BEAN|GREEN
|CREDIT|TEST
|TEST|FIVE
|GRAY|PETER
STANTON MECHANICAL LTD.||
|MAGNUSON|RICK
|TERENCE|LOUISE
|TEST|TEST
|TST|TGGFG
NO. 1 CORPORATION||
|KENT|CLARK
|JOHNSON|JOE
|MCDONALD|GLENN
|OUTHOUSE|JOHN
|HILL|DAVID
|HILL|JOHN
|ODIN|BRAD
|HILL|HENRY
|FRANCIS|MARTHA
|GIBSON|MEL
|NEW SURNAME|GIVEN NAME
|AWSEF|ASEF
|HZECSPOVICH|TOM
|MCCOY|KULWINDER
|GILLIES|DEB
|RRRRR|RRRRRR
|ADD|PAR
|SITTER|DARYL
|ANDERSON|KENNY
|EAST|JOHN
|PLAINTIFF|MATCH
|HILLSIDE|KEVIN
|JONES|BYRANT
|KELLER|JENNIFER
|KERRY|SMITH
|KEITH|JONES
|KONRAD|FRANK
|PARTY|FIRST 501
|DEFENDANT|GIVEN NAME
|DIVORCE|FIRST-JMG009
|SURNAME|GIVEN NAME
|SDFSDF|ADFSDFD
|SDFASDFDSAF|ASDFASDF
|TEST|A
|FDSSD|SDSDFS
|SOMEONE|NAME
|ADSFADSF|ASDFASDF
|AAAAA|AA
|AWSON|TEST
|ASDFASDF|ASDFASDF
|LAWSON|ASDFASDF
JOE SMITH AND COMPANY||
|MILLER|REGGIE
|WAYNE|BRUCE
|ANDERSON|ALVIN
|TEST|TESTER2
|SMITHERS|WHATEVER
|LU|WHATEVER
|DAVIDSON|DAVID
|CAVEAT|FIRST - JMG038
|HELLO|THERE
EXCELLENT ASSOCIATES||
|TEST|TEST2
|JMG001|TEST
|DIVORCE|FIRST-JMG1094
|DIVORCE|FIRST - JMG1095
MACKENZIE AND BROS.||
|COOPER|JONATHON
|JENSEN|CARL
|CROSS|IRENE
|GENERAL|SEVEN
|GENERAL|EIGHT
FOURTH ORGANIZATION||
|ADOPTION|ANN
|FAMILYLAW|CHANGEREQUEST59
|DIVORCE|TEST
|DFJLKASJ;DFA|DFDFDF
|EST|EST
|CIVIL|FIRST-CLIENT
|BANKRUPTCY|SECOND
|TEST4|TEST4
|TEST7|TEST7
|MORGAN|MARTY (THE "MAN")
|ANDERSON|FRED
|ST1|WHATEVER
|T1|WHATEVER
|TEST|WHATEVER
|RELPH|ROBERT
|DAWSON|JANE
|LEE|SAU
|LIM|JOSEPHINE
|PEDERSEN|TAGE
|PAU|LAN
|YIP|BOCK
|DFSAF|SADFDSAF
|NEW|DFDFD
|FAMILY-LAW|ORDERS
|TESTDEF10111|TESTDEF10111
|JOE|JOHN
|ASDFASDF|ASDSSSSSSSSS
|QQQQQQ|QQQ
|MULLEN|JAN
|PUTTY|MARY
|GEMI|MILLIE
|TEST|PLEASE
|CHARITY|LEA
|MORGAN|BABY
|MOSES|LEE
|NEW|PARTY
|BOND|NICK
|JACKSON|JAMES
|CROWE|NICK
|WONG|WILLIAM
|BBB|BBB1
|LARSONS|LAURA
|CARSONS|CORIN
|SMITH|TORI
|DIZ|WHATEVER
|BROWN|BILL
XYZ CORP.||
|BLACK|JOE
|JONES|JASON
|GLITSKY|ABRAHAM
|LORINGTON|JOSH
|WEBBER'S|STAN
|ESON|PHYLLIS
|JASSEN|JOE
|MACDERMOTT|JACKSON
|JOHNSON|JIM-BOB
|WILIAMS |BILL
ACME INC||
|BROWN|HONEY
|BURGER|BOB
|NG|YIN
POWELL MANAGEMENT LTD||
|YONG|ALVIN
|SUH|YOUNG
|CHINN|SUSAN
|PORTER|GARY
|GIBSON|JAN
|VIRANI|JURJEHAN
|LAM|PAK
|COOK|RICHARD
MANHOPE ENTERPRISES INC||
|YAU|RICHARD
|SKOV|OLUF
|WISEMAN|DONALD
|CRESSEY|NORMAN
|WENER|JOHATHON
MM&R VALUATION SERVICES INC (DBA)||
JOSH HOLDINGS LTD||
|LIEW|SZE
|RATTAN|SONIA
|PARSONS|CLEM
MCDONALDS RESTAURANTS||
|MICHAEL|GEORGE
|JACKLIN|TONY
|JONES|JOHNNY
|BLACKIE|MANFRED
|RUBBLE|BARNEY
|CARTIER|CAROL
|KORNELL|JOSH
|MASTERS|JARED
|WALTON|JANE
|BARLOW|PETER
|HANSON|HARRY
|KELLY|GEORGE
|WILLIAMS|BILL
|ROBERTS|ROB
DUNCAN DONUTS||
|GREEN|HARRY
|BARNIFER|MARTINSKI
|CARSON|CILLA
|GRAHAM|FRED
|PROTECT|JACK
|PROTECT|METOO
|TESTCASE|MARIANNE
VICTOR'S PINK UNICORN, FAIRIES AND MORE SHOP INC.||
|O'HARA|DE'WAYNE
|O?HARA|WHATEVER
|TEST|RESP
|DIAL|CLOCK
|SALT|ALISON
|MAXWELL|HARRY
|JACKSON|MARIA
|CLAIMANT|BILLY
|MITCHELL|KIM
|THIRD|PARTY
|APPLICANT|JOSEPH
|DAGGER|CLOAKAND
|HORRIBILIS|PROTEGO
|WALTERSVILLE|WENDY
|PARALLELOGRAM|BRITISH
|STRATTON|GILLES
|ROBERTS|CHARLIE
|RESPONDENT|JACKSON
|SMITH|TED
MADDIES FARM SUPPLIES LTD||
|DIVORCE|MIMI
|CASTLE|RICHARD
|DEFENDANT|DERICK
|HHJKLHLLK|YUIOYIUO
|JACKS|JENNY
|JOHNSON|DON
|JACKSON|VILLE
|JACKS|JACKIE
|GREEN|MADELEINE
|PETERS|MARY
|HARVEY|HAYLEY
|BROWN|BRENDA
|BRUCE|JAY
|WILLIAMS|TOM
KAT'S CAT SANCTUARY||
|CLAIMANT|JOE
|PARENT|GOOD
|BAD|DRIVER
|HURT|VERA
|CLAIMER|JOE
|SDFF|FDSFSD
|TEST|Q
|JOHNSON|JACK
|DEDMAN|KEITH
|DEDMAN|HARVEY
|DECMAN|JACKSON
|RESPONDING|ANDREA
|CRUNCHY|CRISP
DINO RESTAURANT AND GRILL LTD.||
|SMITH|DONALD
EARTH SUPPLIES LTD.||
|CARTIER|CLARENCE
ABC TREE SERVICES||
|SIMPSON|LISA
|PORTER|MICHAEL
|HARPER|PAULA
|TEST|TESSA
|CLAIM22|FIRSTNAME22
|CLAIM42|FIRSTNAME42
|CLAIM45|FIRSTNAME45
|CLAIM47|FIRSTNAME47
|CLAIM48|FIRSTNAME48
|CLAIM50|FIRSTNAME50
|CLAIM55|FIRSTNAME55
|CLAIM82|FIRSTNAME82
|CLAIM83|FIRSTNAME83
|CXZ|GHFX
|TYUI|SADFG
|TESTING|CHILD
|CLAIM93|FIRSTNAME93
|CLAIM97|FIRSTNAME97
|CLAIM103|FIRSTNAME103
|CLAIM108|FIRSTNAME108
|CLAIM117|FIRSTNAME117
|CLAIM130|FIRSTNAME130
|CLAIM141|FIRSTNAME141
|CLAIM170|FIRSTNAME170
|CLAIM171|FIRSTNAME171
|CLAIM174|FIRSTNAME174
|CLAIM192|FIRSTNAME192
|CLAIM209|FIRSTNAME209
|CLAIM213|FIRSTNAME213
|CLAIM214|FIRSTNAME214
|LINES|SQUIGGLY
|VINES|DANGLY
|TEST|PARTY
|TEST|PARTYTWO
|SULLIVAN|SABRINA
|SAM|YOSEMITE
|PRICE|AIMEE
|TESTING|ALICE
|TESTING|ARCHIE
|SMITH-GORDON|TERRI
|DUCK|HUEY
|MOTHER|SALLY
|VAN RA|N
|SURNAME|GIVEN1
|THIS|NOW
|LATE|THAN
|DEAN|JAMES
|JENSON|GEORGE
|ADOPTEE|ADOPTME
|SULLIVAN|SABY
|FLINTSTONE|FRED
|EGGLETON|DOROTHY
|DONKIN|JOHNATHON
EXECUTOR'S R US||
|OLUND|MICHAEL
|WILSON|WILMA
WESTLAND INSURANCE GROUP LTD.||
|SLINKY|HOOLA
|DUCK|DUEY
DEAN'S DISCOUNT DELI||
CARMEN'S COLAS||
|MICHAELS|PAULA
|LAMP|REQUIRED
|SCOTT|TIMOTHY
|LARONDE|PIERRE
|HENRI|BLONDEAU
|FALL|LEAFY
|FALL|CHILLY
|TESTING|FIVE
|TESTING|JOSEPH
|JONES|JAY
|BEAN|LIMA
|WALTON|JOHN
|SMITH|LINDA
|SSSS|FFFF
|MCCOY|BRANDON
|LANE|LOIS
TEST||
ABCDEFG||
|XYZ|ABC
|ANDREWS|JANE
FUJITSU CONSULTING||
|WNAME|WGIVEN
|SMITH|GFDGFDG
|SMITH|SUSAN
|HZECSPOV|CHAD
|MCCOY|LISA
|MCCOY|SHARON
|BORGESCO|LUIGI
|BLACK|FRANK
|IRT|JOE
|SSSS|DFD
|O'BRIEN|MICHAEL
|KEAN|BAXTER
|WEST|JERRY
|KINGSLEY|ANNE
|NOT AN ACTIVE PARTY|FIRST
|SMITHSON|JAMES
SMITHSON JAMES AND CO.||
|COOPER|JOHN
|KELLERF|JAMES
|CAVEAT|COURT FILE 302
|TEST|TESTER
|DUNCAN|TIM
|PARKER|TONY
|6655|4433
|BANKRUPT|FIRST
|SMALL CLAIMS|FIRST-JMG011
|ADOPTION|FIRST-JMG014
|FAMILY|FIRST-JMG020
|PARTY|FIRST-500
|CLINTON|TESTER
|SADFSAD|ASDFSADSADF
|CLINTON|TEST6
|FAMILY|FIRST-JMG019
|TEST|ABC
|JOHNSON|AMY
|GABERS|GABRIEL
|ASDF|DFFDSA
|SSSSSS|SSS
|ASDFASDFASDFASDF|ASDFASDFASDF
|QQQQQQ|RR
|BBBBB|BBBB
|ANDERSON|LISA
|TESTING|TEST
|SSS|SSS
|ASDASDF|ASDFASDF
|GRANT|GARY
|GENTEST2|TEST2
|PETERSON|TOM
|A|B
|CANDLE|WANDA
|CAVEAT|THREE
|JOHNSON|GERRY
|HLTESTDBT|HLTESTDBT
|SUN|JEREMY
|CROON|LEE
|BANKRUPTCY|TEST
SMITH AND BARNEY ASSOCIATES||
|DIVORCE|FIRST-JMG032
|CAVEAT|FIRST - JMG034
|BANKRUPT|FIRST - JMG043
|ADOPTION|FIRST - JMG052
|DIVORCE|FIRST - JMG1090
|DIVORCE|FIRST - JMG1092
|LARSON|MELISSA
|WILSON|JOHN
|SIMPSON|BILL
|JENSEN|JOE
|TESSSA|TEDDDY
|HL2TESTCL|HL2
|HL2SOL|HL2
|HL2CLIENT|HL2
|TEST2|TEST2
|GENERAL|NINE
|PROBATE|THREE
|MONKEY|TREE
TEST DELETE||
|PROBATE|CHANGEREQUEST59
|PROBATE|CR59
|HOOPER|HARRY
|J|J
|TEST1003|TEST
|TEST8|TEST8
|TEST103|TEST103
|MOTOR|SECOND
|FAMILY_LAW|45
|FAMILY|453
|LAWSON|ELIZABETH
|WALKER|WILLIAM
COOPERS, JOHNSON AND PETERS BRSTRS||
|BANKRUPTCY|KEITH
WELLS LG||
|TEST10103|TEST10103
|19CHANGE|CHANGE
|S1|WHATEVER
|HELLO|DECEASED
|BLOGGERS|BILLY
|BLOGGERS|BESSY
|PARLOR|TOBY
|SIMPSON|SALLY
|STRATA PLAN LMS 3851|THE
|MCFADDEN|SHIRLEY
|WONG|BETTY
|WANG|BAILEY
|CHIN|BOB
|DAVIS|ARTHUR
|CHAN|GEORGE
|JOHAL|SIMRAT
|SSSSSSS|SS
|FOX|JOE
|PUTTY|GAIL
CANADIAN IMPERIAL BANK OF COMMERCE||
|QUINTON|QABIL
|BRITNEY|JASON
BORRIS, BONNER, BARON||
|JONES|DAVID
|SMALL|MICK
|SPRINGSTEIN|BEN
|PATTISON|WILL
|SCHWAP|MARIE
|JACKSON|FABIO
|WILKINSON|EARL
JOHNSON AND JOHNSON LTD.||
|MANGANO|MARK
|CCC|CCC1
|DDD|DDD1
|FFF|FFF1
|LARSONS|LIBBY
|SHELBY|STEVEN
|MATSON|MARRY
|WALLACE|MARGE
|FRANIC|GEORGE
|DISMAS|HARDY
PEARLMAN & LINDHOLME||
|CARTER|JOE
|THOMPSON|CINDY
NGANS INVESTMENTS CO LTD||
|BARDAL|JAMES
|MORRISON|MIKE
|GRANGER|FRED
|MUI|SAMSON
|SIMPSON|SARAH
|MANGANO|SALLY
THIS IS GOING TO BE A VERY LONG ORG NAME SO I CAN TEST THE TSS REPORT THAT IS  DISPLAYING 2 PAGES FOR THE REPORT WHEN IT SHOULD ONLY BE SHOW||
|AUSTIN|JANE
DALE'S DELI||
|LLOYD-JONES|JONATHON-RHYS
|MAXWELL|ROBERT
|SMITH|X
|AGGARWAL|ALPANA
|HUI|JOSEPHINE
|WONG|EDMUND
|KAISER|BEVERLY
|LAW|VINCENT
|WHITE|BRIAN
HOMER STREET DEVELOPMENT LIMITED PARTNERSHIP (FKA)||
JOHN DOE NOS 1 TO 10||
|MARKHAM|ANDREW
|MARTINDATE|JENNIFER
|JAMESON|IRMA
|JONES|JO
|WEBBER|STAN
|BLACKIE|SCOTT
|LONGBOTTOM|MATHEW
DARWINS DAYCARE||
|APPEAR|DOES IT
|YARDLEY|SOPHIA
DUFFEY'S DRYCLEANING||
|KELLY|ANNE-MARIE-SARAH-LOU
|JACKSON|JANET-JAY-MAY
|HALLIWELL|GERRY
|HANSON|MARIE
|TRENT|ANNE
|BOB|ROOBERTTS
|CARTIER|CHLOE
|WONG|TOM
SOME ORGANIZATION||
THIS ORGANIZATION IS A VERY LONG NAME. THIS ORGANIZATION IS A VERY LONG NAME. THIS ORGANIZATION IS A VERY LONG NAME. THIS ORGANIZATION IS A VERY LONG||
SAM'S SUPPLIES||
A REALLY REALLY REALLY EXTRAORDINARILY LONG NAME FOR THIS DEFENDANT ORGANIZATION TO TRY AND MAX OUT THE STYLE OF CAUSE I MADE IT TO THE 150 CHAR LIMIT||
|CHILDONFILE|JOE
|PROTECT|ANDME
|CRASH|BILLY
|TUPPER|SAMI
|CLAIMANT|MARY
|PARTY|ANDANOTHER
|SALT|JACKSON
|JANITOR|DEIDRE
|TEST|RESPONDENT
|WONDER|STEVEN
|WALKER|REBECCA
|MACINTYRE|HAMISH
|DEBTOR|JEAN
|ROBERTS|BOBBI
|TESTCASE|JAMES
|TESTCASE|KELLY
|ROSE|HANNAH
|SMITH|HARVEY
|DAD-ONE|HILARY
|DAD-TWO|CLAIRE
|ELLEMENOPEE|KEWARRESS
|JENSEN|SALLY
BOB THE BUILDER||
|MARTIN|HARRY
TEST ORGANISATION||
|GREEN|HAROLD
|GREEN|SKYE
RON'S ROLLERS||
PETE'S PAPERS||
|GRAY|MASON
|PARENT|BAD
|MCDONALD|RONALD
|BADBABS|BARBARA
|VERYBADDRIVER|JASON
|AGGRAVATED|HURTAND
|BADDRIVER|TERRY
|HURT|ANDREW
|CLAIMANT|SALLY-ANNE
|DEDMAN|HARRY
|JENKINS|SALLY
|XXX|XXX
|GABERS|TEENY
|JIM|JAMES
|CHESTOR|CHARLEENE
|DISPUTOR|DAVE
|POOR|PETER
|BANKRUPT|SCROOGE
|SMITH|IRIS
|TWOLITTLN|SALLY
|ROBERTS|ROBIN
|CLAIM6|FIRSTNAME6
|CLAIM11|FIRSTNAME11
|CLAIM19|FIRSTNAME19
|CLAIM28|FIRSTNAME28
|CLAIM32|FIRSTNAME32
|CLAIM54|FIRSTNAME54
|CLAIM59|FIRSTNAME59
|CLAIM64|FIRSTNAME64
|CLAIM65|FIRSTNAME65
|CLAIM67|FIRSTNAME67
|CLAIM74|FIRSTNAME74
|CLAIM87|FIRSTNAME87
|CLAIM88|FIRSTNAME88
|CLAIM164|FIRSTNAME164
|CLAIM96|FIRSTNAME96
|CLAIM98|FIRSTNAME98
|CLAIM104|FIRSTNAME104
|CLAIM113|FIRSTNAME113
|CLAIM137|FIRSTNAME137
|CLAIM138|FIRSTNAME138
|CLAIM152|FIRSTNAME152
|CLAIM158|FIRSTNAME158
|CLAIM165|FIRSTNAME165
|CLAIM173|FIRSTNAME173
|CLAIM189|FIRSTNAME189
|CLAIM203|FIRSTNAME203
|CLAIM205|FIRSTNAME205
|CLAIM216|FIRSTNAME216
|CLAIM223|FIRSTNAME223
|SHORT|LENGTHY
|CLASS|ACTION1
|DAVIS|JIM
|ADAMS|DAVE
|FINE|RICHARD
|XYLITOL|SUGAR
|SINCLAIR|TAMMY
|HALIBURTON|GLAWP
|DOE|DOREEN
|CARTIER|MATHEW
|SMITH|HOOPER
|MUIR|DOUG
|FATHER2|JACK
|LAND|NA
|FIRST|THIRD PARTY
|DOE|ABC
|APPLE|CDE
|CAR|FGH
|EDWARD|IJK
|TESTER|2
|SMITTY|MINNY
|THIS|THAT
|CLOCK|MARVIN
|MCQUEEN|STEVEN
|BATTY|LEANNE
|GREEN|MARTIN
|WALKER|VICTORIA
|NORRIS|CHUCK
|BERRYMAN|JIM
DINO'S DIAMONDS||
|FLINTSTONE|WILMA
TREVOR NESBITT THE TRUSTEE||
|LEGAL|REP
|SMITH|KENNETH
|CLAIMANT|CFIRST
|WIFE|JANE
|EVANS|GARETH
|APPLICANT|HENRY
|MCDUFF|SCROOGE
|ROBBINS|MARY
|GARDINER|LITTLE
|CLOCK|MINNIE
|WILMOT|MARY
|WILMOT|CHARLES
|TEST|CDE
|DEWIT|MARY
|TESTING|FOUR
|PRATT|PETE
|BEAN|COFFEE
|FLINTSTONE|T
|DAIGLE|LITTLE
|MCCOY|IKE
|GLOWACH|SHARON
ZYX CO.||
|CASE|DAVID
|BRIDGE|BETTY
STAPLES OFFICE SUPPLIES||
|SMITH|LISA
|BANKS|APPLE
|ASDFASF|AFDDF
|ASDFAA|DFDF
|SECOND|PARTY
|SECOND 3|THIRD TIME
MIN OF AG||
|VENI|LILLY
|SMITH|LARRY
|MANFREDTHESABRE|HULK
|MCCOY|ABE
|MCCOY|JEKE
|MCCOY|QUINCY
|MCCOY|REX
|CHU|RICK
|GILL|SMITH
|COURTNEY|JANE
ABC COMPANY||
|ANDREWS|HARRY
|FIRST|NO MATCH
|SECOND|NO MATCH
|DEFENDANT2|NO MATCH
|DEFENDANT-SECOND|NO MATCH
|BOND|JAMES
|TST|GIVEN NAME
|HILTON|SUSAN
|PARTY|FIRST - 502
|PLAINTIFF|GIVEN NAME
|UNDERWOOD|HENRY8
|TEST3|TEST
|FIRST|FIRST
|FIRST|FIRST-JMG015
|RESPONDANT|GIVEN NAME
|SMALL CLAIMS|FIRST - JMG028
FDGSGF||
|TEST|B
|MUNROE|JIM
|ASDFDAS|SDAFADSF
|SHMOE|JOE
|LAWSON|JONIE
|ASDFSSSSS|SSSSSS
|JONES|LINDA
|IIIIII|II
|LAW|LISA
|LASON|LISA
|TESSSSS|SSSSS
|LAWSON|SSS
|ADFADSFASDFASDF|ASDFASDFSD
|O'NEAL|SHAQUILLE
|JAMES|LEBRON
|MILICIC|DARKO
|ANTHONY|CARMELO
|TUPPER|TINA
|SIMPSON|MARY
|SOME|NAME
|THIS IS SECOND PARTY|SDFDA
|FAMILY|FIRST - JMG047
|GENERAL|FOUR
|TESTER|TESTER
|HTL2|HTL2
|WILSON|MARY
|TUPPER|LAURA
|FRANCIS|FRED
|GENERAL|TWELVE
|BONO|SONNY
|CAVEAT|1ST
|PROV-FAMILY|PAT
|HOOPER|HAROLD
|HOOPER|HARVEY
|CIVIL|SOLICITOR
|ADOPTION|SOLICITOR
|ADOPTION|JANET
|TEST1004|TEST
|TEST1005|TEST
|SDGASDF|ADFDFD
|FAMILY-LAW|ORDERS5
|ALD;L|SLDFL
|THIRD|FAMILY
|LAWSON|LISAMARIE
|DOUMA|DARREN
|TEST10108|TEST10108
|19CHANGE|CHG
|D|D
|S|WHATEVER
|J|WHATEVER
|SIMPSON|JOHN
|HELLO|TEST
|HENRY|HARRIETT
|DAWSON|JOHN
|WONG|CHONG
|ELAM|SUSAN
HKT HOLDINGS INC||
|MORIOKA|ELAINE
|SATO|VIRGINIA
|CHEUNG|DAVID
|TEST100|TEST100
|SMITH|ADAM
|HUGH|DAVID
|LEE|LEON
|GUY|BAD
|TEST|USER102
|QUINTON|QUEENIE
|WILSON|KARA
|PINTEAU|JOSEPH
|TANNER|MAY
|SMALL|CLAIM
|SCHWAP|SUE
ICBC||
|LITTLE|TONY
|COOPER|BRENDA
|BOND|NANCY
|JOHNSON|PAT
|REPLYMAN|ROLLY
|EEE|EEE1
|HHH|HHH1
|BOWE|MELANIE
CIBC BANK||
|GURNEY|FRED
|FRONDALL|FRED
|TOMPSON|FRED
|JOHNSON|JONE
|GRANGER|JOE
|KITCHENER|BETTY
|GRIMSON|STU
|ANDERSON|BONNIE
|JOHNNY|SALMON
|SAMDSO|TOM
|DARBY|TERESA
|ANNABLE|JAMES
|CHANG|JUAN
|HO|JENNY
|BARDAL|ANITA
|JENSEN|JERRI
|LITTLE|FRED
|BROWN|SUE
|JONES|BETTY
|NOONAN|ANNOON
|NOONAN|ANNA
|JOHNSON|GERALD
|LAM|MAN
|SMALLCLAIMS|VERA
|TRAILCONFERENCE|JEREMY
|MACDERMOTT MCDONALD SMITHSON|MADELENE OLIVIA MARY JANET JAN
|ROBERTS|BOB
|JACK|TERRY
|MACREEDY|MAY-ANNE
|BLOW|JANE
|WILSON|WILEY
|SMITH|GORD
|YEUNG|WILLIAM
SANDEEP & TASEEM INVESTMENTS LTD||
|KONG|RUBY
|BARNETT|JEFFREY
|THOMPSON|GORDON
|HSUY|MEI
|THONG|MI
|MEAGHER|JOHN
|SANGHA|NIMRAT
|VONG|ROBERT
|VONG|CATHERINE
|DHIR|NARINDER
|HON|ALICE
TRILOGY ROBSON DEVELOPMENT LIMITED PARTNERSHIP||
455322 BC LTD||
HVS HOSPITALITY VALUATION SERVICES CANADA||
O'NEILL HOTELS & RESORTS LTD||
|BATH|SARANJIT
|CLARK|DAVID
|TALAMO|GILBERTO
VOTH BROS. DEVELOPMENTS LTD||
|KORDLY|VINCE
|JONES|JIM
|BROWN|BOB
|PALMER|MAX
|HINCHCLIFFE|GORDON
|MASTERS|MIKE
|WILSON|ARTHUR
|SUMMER|DAISY
|STONEY|RICHARD
|FARAGO|LUICI
|RANSON|HOMER
|STUBS|PETER
|MARTIN|ANITA
|MARTIN|SARAH
|FLINESTONE|FRED
BADLANDS CAFE||
|CARTIER|CLAIRE
|DRAKE|FRANCIS
|KELLY|MARY-ANN-JO-LOUISE
|THOMPSON|JANET
|GRIFFITHS|RENEE
|MURCHIE|GAIL
|LAWYER|HELLO
|JAMES|JIMMY
DEFINITELY LEGAL REPS||
NO ONE ELSE CARES REPRESENTATION||
DEFENDANT||
WILLIAMS INC||
|HARLEY|JACK
|JACKSON|HENRY
THIS ORGANIZATION HAS A VERY LONG NAME ASWELL. THIS ORGANIZATION HAS A VERY LONG NAME ASWELL. THIS ORGANIZATION HAS A VERY LONG NAME ASWELL. THIS ORGA||
|DUMMY|DRAKE
|PROTECT|SARAH
|LEGALREP|MAXWELL
|TESTCASE|MARIO
|O'TEST|TEST
|TEST|SALLY
|ANOTHER|GIRL1
|JACKMAN|JERRY
CARLY'S CUPCAKES||
|JOHNSON|SANDI
|MARTEN|ALICIA
|JACKSON|HARVEY
|LU|YO
BANK OF ALDO NOVA||
|SLUGVILLE|GARDEN
|SKUNK|STINKY THE
|SQUAWKY|TINWHISTLE
|COLE|NORRIS
|ROSE|SCARLET
|DAD-ONE|JACK
|FLINSTONE|FRED
|DUCK|DAFFY
|DEBTING|KEITH
|PLAINTIFF|PEARL
|NORTON|GRAHAM
|GHJKGHJGKJ|SDFGSSGF
|JETT|JASMINE
|ADDPARTY|AFTERDOC
|BROUGHTON|BILL
BILLS BUILDING SUPPLIES||
|ROBERTS|CATHERINE
|ROBERTS|CHESNEY
|HARPER|GEORGE
|JO|DONE
|BRUCE|JIMMY
|WILLIAMS|MAY
|TESTCASE|GIRL
|TESTCASE|BOY
|RAGE|ROAD
|TESTCASE|MARTIN
|TEST|SAMMY
|DEDMAN|JOHNNY
ROYAL BANK OF CANADA||
|FREDDY|SUNDAY
|FREDDY|FRIDAY
|TUPPER|GODAWFUL
|DESKTOP|PETER
|WILDER|JESSICA
|MAXWELL|JACKSON
|CLAIM7|FIRSTNAME7
|CLAIM10|FIRSTNAME10
|CLAIM13|FIRSTNAME13
|CLAIM15|FIRSTNAME15
|CLAIM20|FIRSTNAME20
|CLAIM36|FIRSTNAME36
|CLAIM56|FIRSTNAME56
|CLAIM58|FIRSTNAME58
|CLAIM61|FIRSTNAME61
|CLAIM68|FIRSTNAME68
|CLAIM76|FIRSTNAME76
|CLAIM77|FIRSTNAME77
|CLAIM81|FIRSTNAME81
|CLAIM86|FIRSTNAME86
|CLAIM110|FIRSTNAME110
|CLAIM111|FIRSTNAME111
|CLAIM121|FIRSTNAME121
|CLAIM122|FIRSTNAME122
|CLAIM123|FIRSTNAME123
|CLAIM125|FIRSTNAME125
|CLAIM127|FIRSTNAME127
|CLAIM129|FIRSTNAME129
|CLAIM133|FIRSTNAME133
|CLAIM140|FIRSTNAME140
|CLAIM144|FIRSTNAME144
|CLAIM160|FIRSTNAME160
|DRIVER|VERY BAD
|DRIVER|REALLY BAD
|OTHERTEST|WHATEVER
|CLAIM184|FIRSTNAME184
|CLAIM193|FIRSTNAME193
|CLAIM201|FIRSTNAME201
|CLAIM206|FIRSTNAME206
|CLAIM211|FIRSTNAME211
|DOGS|UNRULY
|BROWN|JOHN
|THIRSTY|THURSDAY
|FRIDAY|FREIDA
|BLUE|PETER
|P2|TWO
|TEST|DECA
|SMITH-GORDON|JOSEPH
|FATHER1|JANE
|FATHER1|MARY
|SECOND|PLAINTIFF
|GREEN|MADDISON
|DIBBLE|JACK
|RUBBLE|BUBBLE
|CHAMBERS|MARTIN
|RESPONDENT|RFIRST
|EVANS|RHIANNON
|SULTAN|MIKE
|PARTYNAME1|BILL
|GRIMSTOCK|GEORGE
|APPLICANT|JEMMIMA
|ROBINSON|MARY
|BLACK|JACK
|BUDDY|BUDDY
ESTATE OF PHYLLIS ANN KENNEDY, EXECUTOR TIMOTHY GEORGE SCOTT AND THE TRUST - "TIM'S FUND' AND BENEFICIARIES||
|QWER|EREWR
|BORGES|JORGE
NO. 1 MANUFACTURING COMPANY INC||
|BATES|BILLY
|DUNN|HARRY
|SMITH|MARY
|CICCONE|MADONNA
|LI|JET
|LI|JACKSON
|SSSSSS|GGGGGG
|CLINTON|DEREK
|GNOME|BERT
|KEETLE|KEVIN
|ANDERSON|MIKE
|ROUNDTREE|ROBIN
BALLOONSRUS||
|MCCOY|ETHAN
|GILLIS|KAREN
|BORUQUE|DEREK
HOLLYWOOD HULK||
|CLINTON|TEST2
|DECEASED|FOUR
|CAVEAT|FILE NO 302
|PARTY|AARON JAMES
SUPERMAN, INC.||
|FORECLOSURE|FIRST
|FAMILY|FIRST-JMG010
|DSAFASDF|SDFASDF
|SSDFSD|SSDFS
|THOMAS|TOM
|FIRST|NAME
|AAAA|AAAA
|ASDFSDF|SDFSDF
|ASDFADSF|WHATEVER
|ASDFASDF|ADSFADSF
|SHORT|SHARON
|BADGUY|BORRIS
|O'BANNON|RICK
|GENALIAS|ALIAS
|SAVAGE|FRED
|CAVEAT|FIRST - JMG041
|DIVORCE|FIRST - JMG1091
|DIVORCE|FIRST - JMG1096
|GENERAL|TEN
|CAVEAT|FIRST - JMG040
|MCDONALD|PETER
|HTLTEST3|TEST3
|NIXON|TERRY
PARKER ENTERPRISES||
|PETERSEN|MARLENE
|DAVIS|DAVID
|TEST2A|TEST2A
|CAVEAT|PROVINCIAL
|ORACLE|JON
|VANDY|LUGGZY
|LAWSON|LISSA
|ADOPTION|FIRST
|ADOPTION|FRANK
|CAVEAT|ONE
|CIVIL|CLIENT
|TESTA|TEST
|FAMILY-LAW|ORDER
|NEW|DSAF
FIRST ORGANIZATION||
|WALKER|BILL
|DAVIS|DONALD
|SDFGA|DFASDF
|JOHNSTON|JOE
|VENABLES|VERA
|TEST10109|TEST10109
|T|WHATEVER
|JONES|TOM
|NEW PERSON|T
|GARRISON|FRED
|FRANCIS|JOE
|TIPPER|LENA
|MCFADDEN|BERNARD
|KEE|DENISE
|DENEE|LISELOT
|LEE|CHI
|LEE|PAULINA
|TEST104|TEST104
|SHERIDAN1234567891234567891234|STELLA123456789123456789123456
|TEST L ALIAS|TEST LS ALIAS
|CARSON|CAROL
|NORBERT|NORA
|LAKJASDLFJ|A;LSDKFJA;LSDKJF
|AASSS|SSS
|SSSS|SSSSS
|ASDFDASF|ASDFADSF
BATMAN INC.||
|SMITH|LINDSAY
|WARREN|WILLIAM
|WARREN|WILMA
|BLAINE|WENDY
|SWISS|WENDY
|PETE|SAM
|WEBB|JOAN
|CORNELL|APRIL
|TEST|USER101-2
|SMITH|SALLY
|LEOPOLD|LORNA
|JULY|BABY
|SPRING|JACK
|LITE|MAY
|LMLAW|LM
|WANG|WERNER
|GGG|GGG1
|LLL|LLL1
|SINTAIR|JAMES
|MOSES|ROSE
|GILBERT|GEORGE
|SIMMONS|DON
ABC CONSTRUCTION||
|REP|SALLY
|DARBY|TOM
|ANNABLE|DAWN
|FARMER|TERRANCE
DR. HOWAN KOO INC.||
|SHAW|JOSEPH
|BOYD|JAN
SCOTTSDALE INVESTMENTS LTD||
|LOW|TIMOTHY
|SMALLCLAIM|JACK
|THIRDPARTY|JUNE
|WENTWORTH|JAMES
|STEADY|VERITY
|ROBERTS |BOB
|JONES|JIMMY
|JAMES|JOE
|LIN|CHI
|PREMJI|ROZINA
|HO|YIN
|SUH|GYONG
|TSANG|STELLA
|JENSEN|YRSA
|SANGHA|AJIT
CRESSEY DEVELOPMENT CORPORATION||
XYZ COMPANY NOS 1 TO 10||
OHR GRAND MANAGEMENT LTD||
|INSTROMERE|PAULA
|HENSON|HARRY
|STERLING|MOSS
|GREEN|KEITH
|HOWARD|LESLEY
|MAINWARING|JOHN
|FRASER|WILLIAM
|DAWSON|LESLEY
|MORECOMBE|ERIC
|GREER|ANDREW
|SNAPE|SEAMUS
|BLAIR|CHERIE
|MARTIN|HENRY
|JAMES|JESSE
CRONKITE CONSTRUCTION||
CRONKITE, CRONKITE AND SON||
|KORNELL|KYLE
|DUFFEY|DENISE
|BLACK|JANE
DILLY'S DAILY DONUTS||
|MARTIN|GEORGE
|KEITH|PENELOPE
|MASSEY|GILLIAN
|SMITH|JAMES
HARRY'S HATS||
|SAM|SIMPLE
|ROBERRTS|BOB
|CARSON|CHIP
|PROTECT|DONTFORGETME
|TESTCASE|MARIA
|BLOGGS|JACK
|JENSON|LAURA
DELIA'S 'RESTAURANT' AND DELI||
|TABLE|BROWN
|SALT|JACK
|MINUTE|MARY
TETERTR||
|JOHNSON|MARK
|TEST|JOHN
|LU|YI
|CHARLES|RAY
|LEONARD|LENNY
|WALKER|BRUCE
|SQUEAKY|ALEXANDER
|SQUEAKERS|HOLYCOW
|MCINTYRE|FRASER
|CLAIMANT|MADELEINE
|DIVORCE|RESPONDENT
|PORTER|CORA
|DAD-THREE|DAISY
|FLINSTONE|WILMA
|CREADY|SALLY
|NORTON-GREAVES|POODLE_PRINCE
|LEFT|PARTY
|THIRDPARTY|THIRDPARTY
|RIGHTPARTY|RIGHTPARTY
|HANSON|JOHN
|HARRIS|GREGORY
|MANNING|TREVOR
|KIRKLAND|JASON
|JACKLYN|VANESSA
|HENSHAW|DAISY
CAL'S CAGES||
DD||
CC||
|RESPONDENT|MARY
|CHILDONFILE|BRENDA
|HOLDER|NODDY
|TREE|SKYE
|TESTCASE|MEGHAN
|TEST|CRASH
|FALCONER|MARIE
|DOE|JENNY
|DUCK|DEWY
|TUPPER|AUTOMOTIVE
|DUCKY|DILLY
|MOTLEY|CHARLES
|DISPUTEE|DAN
FREE CREDIT HERE||
|MASTERSON|MARTIN
|TESTING|TWO
|CLAIM18|FIRSTNAME18
|CLAIM27|FIRSTNAME27
|CLAIM41|FIRSTNAME41
|CLAIM57|FIRSTNAME57
|CLAIM69|FIRSTNAME69
|CLAIM75|FIRSTNAME75
|CLAIM85|FIRSTNAME85
|CLAIM92|FIRSTNAME92
|CLAIM102|FIRSTNAME102
|CLAIM106|FIRSTNAME106
|CLAIM143|FIRSTNAME143
|CLAIM148|FIRSTNAME148
|CLAIM149|FIRSTNAME149
|CLAIM167|FIRSTNAME167
|CLAIM168|FIRSTNAME168
|CLAIM172|FIRSTNAME172
|CLAIM179|FIRSTNAME179
|CLAIM187|FIRSTNAME187
|CLAIM194|FIRSTNAME194
|CLAIM196|FIRSTNAME196
|CLAIM199|FIRSTNAME199
|CLAIM208|FIRSTNAME208
|CLAIM220|FIRSTNAME220
|SPOONS|SILVER
|HEELS|HIGH
|BAGGINS|FRODO
|HARRIS|BRENDA
|DEBTOR|DEBTOR
|SULLIVAN|ROSS
|DAVIS|JOHN
|EDWARDS|TED
TULIPS AND MORE||
|PLAINTIFF|MARGARITA
|DESKPHONE|MAMA
|TABLETOP|PAPA
|SINCLAIR|BILLY
|TUPPER|SQUEEGEE
|LEMMON|DRINKY
INSURANCE CORPORATION OF BRITISH COLUMBIA||
|DOE|JOHN/JANE
|CARTIER|CRAMER
|FIRST|PLAINTIFF
|SMITTY|VANDERPOOL
|LITTLELANDRY|BABY
|OH|MY
|PARSONS|BILL
|LAMP|JIMMY
|WINDASS|ANNA
|SINCLAIR|ISLA
|SPENDER|BIG
LAURIER CHARTERS LTD||
|EGGLETON|STUART
|SMITH|STANLEY
|EVANS|HELEN
TEST COMPANY ONE||
|INACTIVE|PARTY
|BLACK|ANDBLUE
|DUCKY|DONALD
|DEFENDANT|DILLON
|DIBBLE|JESSICA
|MARSEN|MARY
|TEST|REQUIRED
|JONES|MIKE
|OTHER|PARTY
|BLACKBURN|MARTIN
|CREDITOR|BILLY
|ONLY|TESTING
|WORMSBAKER|ROBIN
|HZECSPOVICH|TOM
BALLOONSWER||
|MIKE|SMITH
|GILLESPIE|JANET
|FRASER|PARIS
|PETERS|STEVEN
|CLINTON|ASDFASF
|SDFASFDS|SDFSDF
|DORIGHT|DUDLEY
|LUCKY|DEREK
|ATLAS|DAN
|CLINTON|ZXDVSDFVSD
|SKINNER|KATRINA
|SMITH|LORIE
|MCCOY|CONRAD
|MCCOY|TREVOR
|CLIMB|ROCKY
|LI|HECTOR
|SMITH|RIGHT
|ANDREWS|CINDY
|ANDREWS|DIANE
|DOE|JOHN
|SIMPSON|HOMER
|DOLITTLE|ED
|KNOLL|GERTY
|HENDERSON|ALAN
|DEFENDANT|NO MATCH
|CLAIMANT|FIRST
|CLAIMANT AGAIN|FIRST
|WENNACHEE|JERRY
KELLER ENTERPRISES AND JONES SYSTEMS||
MIAMI HEAT||
|DIVORCE|FIRST
|FAMILY|PROV-JMG013
|ADOPTION|FIRST-JMG017
|THIS IS SURNAME|THIS GIVEN NAME
|JONES|JOE
|JOE|JOE
|BARLOW|BARRY
|MITHS|JOE
|ASDSSS|SSSSSS
|SSSSS|SS
|QQQQQQQ|QQ
|LAWSON|BRENDA
|EST|TEST
|AWSONL|TEST
|LAWSON|LINDA
|LEGALTEST|TEST
|TSS TEST|JOE
|DUMPSTER|LOUIS
|DOLE|LYLE
|MOORE|MARY
|MAXIM|NANCY
|JONES|ANDREW
|STEVENSON|MARTHA
|GENERAL|THIRTEEN
|GENERAL|FIRST -JMG030
|DIVORCE|FIRST - JMG033
|DIVORCE|FIRST - JMG036
|BANKRUPT|FIRST - JMG042
|ADOPTION|FIRST - JMG051
|HTLTEST|TEST
|HTLTEST2|TEST2
|BILLY|THE KID
|STENSON|GARY
|BRYANT|KOBE TRACY
|COOPER|LESS
DEADLY CHEMICALS INC.||
COOPER AND JOHNSON INC.||
|TEST|TEDD
